{
    "name": "LogisticRegression",
    "numSteps": 50000,
    "learningRate": 0.0005,
    "numberClasses": 2,
    "classifiers": [
        {
            "numSteps": 50000,
            "learningRate": 0.0005,
            "weights": [
                [
                    -0.2409078337376575,
                    -0.09672431068021008,
                    -1.3775472978721368,
                    -0.07985499683550161,
                    -1.3926826054445114,
                    0.530390514941117,
                    0.5570893542934408,
                    1.1640652886900775,
                    -1.0974499701917337,
                    -0.05792437071450655,
                    -1.5753697447745605,
                    0.4070342804241548,
                    0.2524940980744146,
                    -0.28216624797052914,
                    -1.8914090162470907,
                    -1.9071695120482364,
                    0.6212966641804661,
                    2.884856742253329,
                    -1.0040815695659338,
                    -0.20727589565568486,
                    -0.22915064855607287,
                    0.4643148204030545,
                    -0.2303956441392993,
                    0.16323316913432445,
                    -0.5494104825809107,
                    1.4277105203805964,
                    -0.3974287180163009,
                    2.00429256512994,
                    1.8914539882564883,
                    0.6072196411484515,
                    0.1982754736303179,
                    -0.43085725993075885,
                    -1.2443921874159003,
                    0.8104518782844254,
                    -0.2120362401630526,
                    -0.4225362142813521,
                    0.025559630992387117,
                    -0.0862167927365207,
                    0.9199696270672651,
                    3.2580389777901924,
                    0.7101844557891794,
                    0.3109975216330986,
                    -0.9851852355156706,
                    0.38014262177344105,
                    -2.581373716828946,
                    -2.273473535810317,
                    0.7291908604059668,
                    0.17711929879333804,
                    -1.3887851098744683,
                    0.437151532404025,
                    -0.009323256997752856,
                    -0.7258676505238866,
                    0.4504899521100634,
                    0.2548382518183694,
                    6.176588013448557,
                    0.15524460558464748,
                    0.6471304614396078,
                    0.34855715060857834,
                    -0.38455383072119365,
                    -0.1893113120407733,
                    1.6882208876159972,
                    2.417659669542697,
                    3.2037421775515336,
                    -5.36858921622034,
                    -2.0774923834914505,
                    -2.445459158464396,
                    0.6435628181473865,
                    0.40942679080668715,
                    0.7947248787857668,
                    1.356706699294132,
                    -5.0652542108710925,
                    -0.6474130192815838,
                    0.15841368462444483,
                    -0.654050674535061,
                    -2.1897596637090126,
                    0.10050749209577346,
                    -0.8607878405368002,
                    0.432649504538676,
                    -1.2897672116115901,
                    0.05017626545757328,
                    -1.4126294927304655,
                    -1.4072036335270737,
                    0.23956861492409867,
                    -0.815708527309846,
                    2.857984681233623,
                    -3.6234936726512257,
                    -0.5267228395989967,
                    0.6595676642991107,
                    0.8385220471756489,
                    -5.553269773225524,
                    -4.135656089490309,
                    0.616267420933998,
                    -0.45333668652470743,
                    -0.29440056038044315,
                    0.5696998169667118,
                    2.1452731269675156
                ]
            ]
        },
        {
            "numSteps": 50000,
            "learningRate": 0.0005,